basis_state,counts,frequency,exact_probability
00,2469,0.4938,0.5000000000000001
11,2531,0.5062,0.5000000000000001
