ansatz,abs_error
One-layer Ry-CNOT-Ry,1.7763568394002505e-15
Product Ry only,0.8776895794090036
